<?xml version="1.0" encoding="utf-8"?>
<Template Access="NT Authority\Interactive,(localhost)" Description="Compose Configuration Settings" Cacheable="N" xmlns="http://simplersystems.com/suite" xmlns:xsi="http://www.w3.org/2001/XMLSchema-instance" xsi:schemaLocation="http://simplersystems.com/suite ..\..\Template.xsd">
  <Compose>
    <Frame Title="Configuration Settings" />
    <Table Title="Configuration Settings" AutoDisplay="Y" AutoSort="Y">
      <Script.Url Identifier="SelectUrl" BaseUrl="{Url.Path}" Name="select.xml">
        <Parameter Name="Name" />
        <Parameter Name="Value" />
        <Parameter Name="Sort" />
      </Script.Url>
      <DataSet Url="{SelectUrl}">
        <Column Name="Name" Sort="Y" Width="20">
          <Title Text="Name" />
        </Column>
        <Column Name="Value" Width="35">
          <Title Text="Value" />
        </Column>
      </DataSet>
      <Link.Edit Url="{EditUrl}" TitleUrl="{NewUrl}">
        <Script.Url Identifier="NewUrl" BaseUrl="{Url.Path}" Name="edit.xml">
          <Parameter Name="RedirectUrl" Value="{%Url.This}" />
        </Script.Url>
        <Script.Url Identifier="EditUrl" BaseUrl="{NewUrl}">
          <Parameter Name="Name" />
        </Script.Url>
      </Link.Edit>
      <Criteria>
        <Parameter Name="Name" />
        <Parameter Name="Value" />
      </Criteria>
    </Table>
  </Compose>
</Template>