﻿<?xml version="1.0" encoding="utf-8"?>
<Template Access="NT Authority\Interactive,(localhost)" Description="Edit Configuration Setting" xmlns="http://simplersystems.com/suite" xmlns:xsi="http://www.w3.org/2001/XMLSchema-instance" xsi:schemaLocation="http://simplersystems.com/suite ..\..\Template.xsd">
  <Present>
    <Script Evaluate="Y" When="{RedirectUrl = null}">
      RedirectUrl {Url.This}
    </Script>
    <Script.Url Identifier="SelectUrl" BaseUrl="{Url.Path}" Name="select.xml">
      <Parameter Name="Name" Value="{%Name when Name != null, else '!*'}" />
    </Script.Url>
    <Script.Url Identifier="ConfigureUrl" BaseUrl="/configure.sys;Setting">
      <Parameter Name="Name" />
      <Parameter Name="Value" />
      <Parameter Name="RedirectUrl" />
    </Script.Url>
    <Script.Url Identifier="HelpUrl" BaseUrl="{Url.Path}" Name="select.xml">
      <Parameter Name="Name" Value="{%Name when Name != null, else '!*'}" />
      <Parameter Name="Select" Value="Description" />
    </Script.Url>
    <Script When="{Name != null and [HelpUrl] != null}">
      Help {'Enter ', {String.LowerCase(String.Substring([HelpUrl], 0, 1)), String.Substring([HelpUrl], 1)}}
    </Script>
    <Script When="{Name != null and [HelpUrl] = null}">
      Help {'Enter a text value.'}
    </Script>
    <Script When="{Name = null}">
      Help {'Enter a name and text value.'}
    </Script>
    <Form Title="Edit Configuration Setting" InitialValuesUrl="{SelectUrl}" Help="{Help}">
      <Context Identifier="RedirectUrl" />
      <TextBox Identifier="Name" Description="Name" />
      <TextBox Identifier="Value" Description="Value" />
      <Button.Execute Identifier="Update" Label="Update" Default="Y" Url="{ConfigureUrl}" />
      <Button.Navigate Identifier="Cancel" Label="Cancel" Url="{%RedirectUrl}" />
    </Form>
  </Present>
</Template>
  