﻿<?xml version="1.0" encoding="utf-8"?>
<Template Access="AllUsers" Description="About" xmlns="http://simplersystems.com/suite" xmlns:xsi="http://www.w3.org/2001/XMLSchema-instance" xsi:schemaLocation="http://simplersystems.com/suite Template.xsd">
  <Present>
    <Frame>
      <Html><![CDATA[
        <link href="~{Url.AddRootPath('/syntaxhighlighter/styles/shCore.css')}~" rel="stylesheet" type="text/css">
        <link href="~{Url.AddRootPath('/syntaxhighlighter/styles/shThemeDefault.css')}~" rel="stylesheet" type="text/css">
        <style>
          h1 {
	          font-size: 100%;
	          font-weight: bold;
	          margin-bottom: 1ex;
	          padding-bottom: 0.5ex;
          }

          h2 {
	          font-size: 100%;
	          margin-bottom: 1ex;
	          margin-top: 0.5ex;
          }

          p {
            font-family: Tahoma;
	          font-size: 100%;
	          line-height: 150%;
	          margin-bottom: 2ex;
          }

          a {
	          color: #028;
          }

          span.list {
	          margin-left: 1.5em;
          }
          
          div.code {
            font-size: 93%;
            padding-bottom: 0.5ex;
          }
          
          span.element {
            font-family: monospace;
          }
          
          span.attribute {
            font-family: monospace;
          }
          
          span.script {
            font-family: monospace;
          }
          
          span.query {
            font-family: monospace;
          }
          
          a.result {
            font-family: monospace;
            margin-left: 1em;
          }

          .syntaxhighlighter .lines.no-wrap {
	          overflow-x: auto;
          }
        </style>
	      <script type="text/javascript" src="~{Url.AddRootPath('/syntaxhighlighter/scripts/shCore.js')}~"></script>
	      <script type="text/javascript" src="~{Url.AddRootPath('/syntaxhighlighter/scripts/shBrushJScript.js')}~"></script>
	      <script type="text/javascript" src="~{Url.AddRootPath('/syntaxhighlighter/scripts/shBrushPlain.js')}~"></script>
	      <script type="text/javascript" src="~{Url.AddRootPath('/syntaxhighlighter/scripts/shBrushXml.js')}~"></script>
    	  <script type="text/javascript">
		      SyntaxHighlighter.config.clipboardSwf = '~{Url.AddRootPath('/syntaxhighlighter/scripts/clipboard.swf')}~';
          SyntaxHighlighter.defaults['wrap-lines'] = false;
          SyntaxHighlighter.defaults['auto-links'] = false;
		      SyntaxHighlighter.all();
	      </script>
      ]]></Html>
    </Frame>

    <Html When="{About != null}"><![CDATA[
      <div style="width: 100%; min-width: 800px; max-width: 1000px">
        <table width="100%">
        <tr>
          <td width="100%" valign="top">
    ]]></Html>

    <Html When="{About != null}"><![CDATA[
      <div class="About">
        <div class="menu-group-header" style="margin-bottom: 2ex"><span class="menu-group-header">~{Url.GetDescription(About)}~</span></div>
    ]]></Html>
    <Html Url="{About}" When="{About != null}" />
    <Html When="{About != null}"><![CDATA[
      </div>
    ]]></Html>

    <Html When="{About != null}"><![CDATA[
          <td width="25">
            <div style="padding-left: 25px">&nbsp;</div>
          <td valign="top">
            <div style="width: 300px">
    ]]></Html>

    <Menu Columns="1">
      <Group Description="Learn more" Column="1">
        <Link Description="About simpler/gov" Url="/about.html?About=/about/simplergov.html" />
        <Link Description="Simpler/gov videos" Url="http://www.youtube.com/user/Simplergov" />
        <Link Description="Hello World tutorial" Url="/about.html?About=/about/helloworld.html" />
        <Link Description="SimplerScript examples" Url="/about.html?About=/about/scriptexamples.html" />
        <Link Description="SimplerScript function reference" Url="/about/script_functions/compose.html" />
      </Group>
    </Menu>

    <Html When="{About != null}"><![CDATA[
            </div>
        </table>
      </div>
    ]]></Html>
  </Present>
</Template>