﻿<?xml version="1.0" encoding="utf-8"?>
<Template Access="NT Authority\Interactive,(localhost)" Description="Configuration / Data Sources / Data Source" Cacheable="N" xmlns="http://simplersystems.com/suite" xmlns:xsi="http://www.w3.org/2001/XMLSchema-instance" xsi:schemaLocation="http://simplersystems.com/suite ..\..\..\Template.xsd">
  <Present>
    <Dialog Title="Configuration / Data Sources / Data Source" FinishStep="Finish">
      <Step Name="Select" FinishEnabled="N">
        <Form Title="Select">
          <Script.XmlSelectNodes Path="{System.RootFilePath()}" FileName="Configuration.xml" XPath="/ss:Configuration/ss:DataSources/*" NamespacePrefixes="ss" NamespaceUris="http://simplersystems.com/suite/configuration">
            <Attribute Name="Name" Identifier="Names" />
          </Script.XmlSelectNodes>
          <Text>This toolkit creates or modifies a Configuration / Data Sources / Data Source element in the Configuration.xml file. Data Source elements store attributes that are used to connect to sql databases.</Text>
          <Text>Select a data source to modify, or click 'New Data Source' to create a new data source.</Text>
          <Options.DropDownList Identifier="ExistingName" Options="{Names}" Label="Name:" Inline="N" Nullable="Y" />
          <Validate Identifier="ExistingName" Required="Y" Description="Name" />
        </Form>
        <NextStep Identifier="New" Label="New Data Source" Step="New" Validate="N" />
        <NextStep Identifier="Next" Label="Next" Step="Type" />
      </Step>
      <Step Name="New" FinishEnabled="N">
        <Form Title="New Data Source Name">
          <Text>Specify a name for the data source.</Text>
          <TextBox Identifier="NewName" Label="Name:" Inline="N" />            
          <Validate Identifier="NewName" Required="Y" Description="Name" />
        </Form>
      </Step>
      <Step Name="Type" FinishEnabled="N">
        <Form Title="Type">
          <Script.XmlSelectNodes Path="{System.RootFilePath()}" FileName="Configuration.xml" XPath="{'/ss:Configuration/ss:DataSources/ss:DataSource[@Name=''', Coalesce(NewName, ExistingName), ''']'}" NamespacePrefixes="ss" NamespaceUris="http://simplersystems.com/suite/configuration">
            <Attribute Name="Type" Identifier="ExistingType" />
          </Script.XmlSelectNodes>
          <Text>Specify a server type for the data source. If you are connecting to a Microsoft SQL Server or an Oracle server, choose the appropriate server type to use the native .Net libraries to communicate, otherwise choose 'ODBC'.</Text>
          <Options.RadioButton Identifier="Type" Label="Server Type:" Inline="N" Options="SQLServer,Oracle,ODBC" OptionsOrientation="Vertical" OptionLabels="Microsoft SQL Server,Oracle,ODBC" InitialValue="{ExistingType}" />
          <Validate Identifier="Type" Required="Y" />
        </Form>
      </Step>
      <Step Name="ConnectionString" FinishEnabled="N">
        <Form Title="Connection String">
          <Script.XmlSelectNodes Path="{System.RootFilePath()}" FileName="Configuration.xml" XPath="{'/ss:Configuration/ss:DataSources/ss:DataSource[@Name=''', Coalesce(NewName, ExistingName), ''']'}" NamespacePrefixes="ss" NamespaceUris="http://simplersystems.com/suite/configuration">
            <Attribute Name="ConnectionString" Identifier="ExistingConnectionString" />
          </Script.XmlSelectNodes>
          <Text>Specify a connection string for the data source.</Text>
          <TextBox Identifier="ConnectionString" Label="Connection String:" Inline="N" InitialValue="{ExistingConnectionString}" />
          <Validate Identifier="ConnectionString" Required="Y" />
        </Form>
      </Step>
      <Step Name="TransactionIsolationLevel" FinishEnabled="N">
        <Form Title="Transaction Isolation Level">
          <Script.XmlSelectNodes Path="{System.RootFilePath()}" FileName="Configuration.xml" XPath="{'/ss:Configuration/ss:DataSources/ss:DataSource[@Name=''', Coalesce(NewName, ExistingName), ''']'}" NamespacePrefixes="ss" NamespaceUris="http://simplersystems.com/suite/configuration">
            <Attribute Name="TransactionIsolationLevel" Identifier="ExistingTransactionIsolationLevel" />
          </Script.XmlSelectNodes>
          <Text>Specify a transaction isolation level for SQL statements. By default, SQL statements are executed with an isolation level of 'Serializable'. For performance reasons, it may be appropriate to specify a lower isolation level. Consult with your
          database administrator in order to understand the effect of this setting. Note that if you are connecting to a Microsoft Access database via ODBC, you must choose 'Read Committed'.</Text>
          <Options.RadioButton Identifier="TransactionIsolationLevel" Label="Transaction Isolation Level:" Inline="N" Options="Serializable,ReadCommitted,ReadUncommitted,RepeatableRead,Snapshot" OptionsOrientation="Vertical" OptionLabels="Serializable,Read Committed,Read Uncommitted,Repeatable Read,Snapshot" InitialValue="{ExistingTransactionIsolationLevel}" />
        </Form>
      </Step>
      <Step Name="Finish" NextButton="Save">
        <Form.Xml Title="Save">
          <Script>
            Name {Coalesce(NewName, ExistingName)}
          </Script>
          <Document.Configuration>
            <Element Name="DataSources">
              <Element Name="DataSource">
                <Key Name="Name" Identifier="Name" />
                <Attribute Name="Type" Identifier="Type" />
                <Attribute Name="ConnectionString" Identifier="ConnectionString" />
                <Attribute Name="TransactionIsolationLevel" Identifier="TransactionIsolationLevel" />
              </Element>
            </Element>
          </Document.Configuration>
          <Text>Review the information below, then click 'Save' to update the Configuration.xml file.</Text>
          <TextBox Identifier="ShowName" Label="Name:" Inline="N" ReadOnly="Y" InitialValue="{Name}" />
          <TextBox Identifier="ShowType" Label="Server Type:" Inline="N" ReadOnly="Y" InitialValue="{Type}" />
          <TextBox Identifier="ShowConnectionString" Label="Connection String:" Inline="N" ReadOnly="Y" InitialValue="{ConnectionString}" />
          <TextBox Identifier="ShowTransactionIsolationLevel" Label="Transaction Isolation Level:" Inline="N" ReadOnly="Y" InitialValue="{TransactionIsolationLevel}" />
          <Button.Save Identifier="Save" Label="Save" />
          <Validate Identifier="Name" Required="Y" />
          <Validate Identifier="Type" Required="Y" />
        </Form.Xml>
      </Step>
    </Dialog>
  </Present>
</Template>
