<?xml version="1.0" encoding="utf-8"?>
<Template Access="AllUsers" Description="Compose Script Functions" xmlns="http://simplersystems.com/suite" xmlns:xsi="http://www.w3.org/2001/XMLSchema-instance" xsi:schemaLocation="http://simplersystems.com/suite ..\..\Template.xsd">
  <Compose>
    <Frame Title="Script Functions" />
    
    <Table Title="Script Functions" AutoDisplay="Y" AutoGroup="Y" AutoPageBreak="Y" AutoSort="Y" SinglePage="{Frame.Style = 'Empty'}" Footer="{Frame.Style != 'Empty'}">
      <Script.Url Identifier="SelectUrl" BaseUrl="{Url.Path}" Name="select.xml">
        <Parameter Name="Namespace" />
        <Parameter Name="Name" />
        <Parameter Name="ParameterCount" />
        <Parameter Name="VariableParameterCount" />
        <Parameter Name="ReturnType" />
        <Parameter Name="Nonpublic" />
        <Parameter Name="Nondeterministic" />
        <Parameter Name="Memoized" />
        <Parameter Name="Documentation" />
        <Parameter Name="Source" />
        <Parameter Name="Sort" />
      </Script.Url>
      
      <Group Name="Namespace">
        <Column Name="Namespace" />
        <Header Text="{Namespace, ' Functions'}" />
      </Group>
      
      <DataSet Url="{SelectUrl}">
        <Column Name="Namespace" Type="String" Width="10" Sort="Y">
          <Title Text="Namespace" />
        </Column>
        <Column Name="Name" Type="String" Width="20" Sort="Y" Fixed="Y">
          <Title Text="Name"  />
        </Column>
        <Column Name="Parameters" Type="String" Width="30">
          <Title Text="Parameters" />
        </Column>
        <Column Name="ReturnType" Type="String" Width="10">
          <Title Text="Return Type" />
        </Column>
        <Column Name="Documentation" Type="String" Width="40">
          <Title Text="Documentation" />
        </Column>
        <Column Name="Example1" Type="String" Width="25" Link="{'/eval.sys?_={String.Join('','', Function)}&amp;Function={', Example1, '}'}">
          <Title Text="Example 1" />
        </Column>
        <Column Name="Example2" Type="String" Width="25" Link="{'/eval.sys?_={String.Join('','', Function)}&amp;Function={', Example2, '}'}">
          <Title Text="Example 2" />
        </Column>
        <Column Name="Example3" Type="String" Width="25" Link="{'/eval.sys?_={String.Join('','', Function)}&amp;Function={', Example3, '}'}">
          <Title Text="Example 3" />
        </Column>
        <Column Name="Source" Type="String" Width="20">
          <Title Text="Source" />
        </Column>
      </DataSet>
      <Criteria>
        <Parameter Name="Namespace" />
        <Parameter Name="Name" />
        <Parameter Name="ParameterCount" />
        <Parameter Name="VariableParameterCount" />
        <Parameter Name="ReturnType" />
        <Parameter Name="Nonpublic" />
        <Parameter Name="Nondeterministic" />
        <Parameter Name="Memoized" />
        <Parameter Name="Documentation" />
        <Parameter Name="Source" />
      </Criteria>
    </Table>
  </Compose>
</Template>