﻿<?xml version="1.0" encoding="utf-8"?>
<Template Access="AllUsers" Url="/source.html" Priority="-1" Description="Source" xmlns="http://simplersystems.com/suite" xmlns:xsi="http://www.w3.org/2001/XMLSchema-instance" xsi:schemaLocation="http://simplersystems.com/suite Template.xsd">
  <Present>
    <Frame>
      <Html><![CDATA[
        <link href="~{Url.AddRootPath('/syntaxhighlighter/styles/shCore.css')}~" rel="stylesheet" type="text/css">
        <link href="~{Url.AddRootPath('/syntaxhighlighter/styles/shThemeDefault.css')}~" rel="stylesheet" type="text/css">
        <style>
          h1 {
	          border-bottom: solid 1px #46AA48;
	          color: #555;
	          font-size: 116%;
	          font-weight: bold;
	          margin-bottom: 2ex;
	          padding-bottom: 0.5ex;
          }

          h2 {
	          font-size: 100%;
	          font-weight: bold;
	          margin-bottom: 1ex;
	          margin-top: 0.5ex;
          }

          p {
            font-family: Tahoma;
	          font-size: 100%;
	          line-height: 150%;
	          margin-bottom: 1.5ex;
          }

          a {
	          color: #028;
          }

          div.source {
	          width: 90%;
          }
          
          div.code {
            font-size: 93%;
            padding-bottom: 0.5ex;
          }
        </style>
	      <script type="text/javascript" src="~{Url.AddRootPath('/syntaxhighlighter/scripts/shCore.js')}~"></script>
	      <script type="text/javascript" src="~{Url.AddRootPath('/syntaxhighlighter/scripts/shBrushXml.js')}~"></script>
    	  <script type="text/javascript">
		      SyntaxHighlighter.config.clipboardSwf = '~{Url.AddRootPath('/syntaxhighlighter/scripts/clipboard.swf')}~';
          SyntaxHighlighter.defaults['wrap-lines'] = true;
          SyntaxHighlighter.defaults['auto-links'] = false;
		      SyntaxHighlighter.all();
	      </script>
      ]]></Html>
    </Frame>
    <Html><![CDATA[
    <h1>Source Code</h1>
    ]]></Html>
    <Html When="{Template != null}"><![CDATA[
      <p>Below is the source code for ~{Template}~.
      <div class="source">
      <div style="font-size: 93%"><pre class="brush: xml">
    ]]></Html>
    <Text Url="{'/source.xml?Template=', Template, '&amp;DynamicUrl=', DynamicUrl}" When="{Template != null}" />
    <Html When="{Template != null}"><![CDATA[
      </pre></div>
      </div>
    ]]></Html>
  </Present>
</Template>