<?xml version="1.0" encoding="utf-8"?>
<Template Access="NT Authority\Interactive,(localhost)" Description="Compose Configuration Data Sources" Cacheable="N" xmlns="http://simplersystems.com/suite" xmlns:xsi="http://www.w3.org/2001/XMLSchema-instance" xsi:schemaLocation="http://simplersystems.com/suite ..\..\Template.xsd">
  <Compose>
    <Frame Title="Configuration Data Sources" />
    <Table Title="Configuration Data Sources" AutoDisplay="Y" AutoSort="Y">
      <Script.Url Identifier="SelectUrl" BaseUrl="{Url.Path}" Name="select.xml">
        <Parameter Name="Name" />
        <Parameter Name="Type" />
        <Parameter Name="ConnectionString" />
        <Parameter Name="TransactionIsolationLevel" />
        <Parameter Name="Sort" />
      </Script.Url>
      <DataSet Url="{SelectUrl}">
        <Column Name="Name" Sort="Y" Width="20">
          <Title Text="Name" />
        </Column>
        <Column Name="Type" Width="10">
          <Title Text="Type" />
        </Column>
        <Column Name="ConnectionString" Width="60">
          <Title Text="Connection String" />
        </Column>
        <Column Name="TransactionIsolationLevel" Width="10">
          <Title Text="Isolation Level" />
        </Column>
      </DataSet>
      <Link.Edit Url="{EditUrl}" TitleUrl="{NewUrl}">
        <Script.Url Identifier="NewUrl" BaseUrl="{Url.Path}" Name="edit.xml">
          <Parameter Name="RedirectUrl" Value="{%Url.This}" />
        </Script.Url>
        <Script.Url Identifier="EditUrl" BaseUrl="{NewUrl}">
          <Parameter Name="Name" />
        </Script.Url>
      </Link.Edit>
      <Criteria>
        <Parameter Name="Name" />
        <Parameter Name="Type" />
        <Parameter Name="ConnectionString" />
        <Parameter Name="TransactionIsolationLevel" />
      </Criteria>
    </Table>
  </Compose>
</Template>