﻿<?xml version="1.0" encoding="utf-8"?>
<Template Access="NT Authority\Interactive,(localhost)" Description="Edit Configuration Data Sources" xmlns="http://simplersystems.com/suite" xmlns:xsi="http://www.w3.org/2001/XMLSchema-instance" xsi:schemaLocation="http://simplersystems.com/suite ..\..\Template.xsd">
  <Present>
    <Script Evaluate="Y" When="{RedirectUrl = null}">
      RedirectUrl {Url.This}
    </Script>
    <Script.Url Identifier="SelectUrl" BaseUrl="{Url.Path}" Name="select.xml">
      <Parameter Name="Name" Value="{%Name when Name != null, else '!*'}" />
    </Script.Url>
    <Script.Url Identifier="ConfigureUrl" BaseUrl="/configure.sys;DataSource">
      <Parameter Name="Name" />
      <Parameter Name="Type" />
      <Parameter Name="ConnectionString" />
      <Parameter Name="TransactionIsolationLevel" />
      <Parameter Name="RedirectUrl" />
    </Script.Url>
    <Script When="{Name = null}">
      Help {'Enter a name and values.'}
    </Script>
    <Form Title="Edit Configuration Data Source" InitialValuesUrl="{SelectUrl}" Help="{Help}">
      <Context Identifier="RedirectUrl" />
      <TextBox Identifier="Name" Description="Name" />
      <Options.DropDownList Identifier="Type" Description="Type" Options="SQLServer,Oracle,Odbc" />
      <TextBox Identifier="ConnectionString" Description="Connection String" />
      <Options.DropDownList Identifier="TransactionIsolationLevel" Description="Isolation Level" Options="ReadCommitted,ReadUncommitted,RepeatableRead,Serializable,Snapshot" />
      <Button.Execute Identifier="Update" Label="Update" Default="Y" Url="{ConfigureUrl}" />
      <Button.Navigate Identifier="Cancel" Label="Cancel" Url="{%RedirectUrl}" />
    </Form>
  </Present>
</Template>
  