﻿<?xml version="1.0" encoding="utf-8"?>
<Template Access="NT Authority\Interactive,(localhost)" Description="" Cacheable="N" xmlns="http://simplersystems.com/suite" xmlns:xsi="http://www.w3.org/2001/XMLSchema-instance" xsi:schemaLocation="http://simplersystems.com/suite ..\Template.xsd">
  <Present>
    <Redirect Url="/toolkit/template/selecttemplate.html" When="{Template = null}" />
    <Dialog Title="">
      <Context Identifier="Template" />
      <Step Name="" NextButton="Save">
        <Form.Xml Title="">
          <Document.Template Template="{Template}">
            <Attribute Name="" Identifier="" />
          </Document.Template>
          <Text></Text>
          <TextBox Identifier="" Label=":" Inline="N" />            
          <Button.Save Identifier="Save" Label="Save" />
        </Form.Xml>
      </Step>
    </Dialog>
  </Present>
</Template>
