﻿<?xml version="1.0" encoding="utf-8"?>
<Template Access="NT Authority\Interactive,(localhost)" Description="Configuration / Data Sources / Data Source" Cacheable="N" xmlns="http://simplersystems.com/suite" xmlns:xsi="http://www.w3.org/2001/XMLSchema-instance" xsi:schemaLocation="http://simplersystems.com/suite ..\..\..\Template.xsd">
  <Present>
    <Dialog Title="Configuration / Data Sources / Data Source" FinishStep="Finish">
      <Step Name="Select" FinishEnabled="N">
        <Form Title="Select">
          <Script.XmlSelectNodes Path="{System.RootFilePath()}" FileName="Configuration.xml" XPath="/ss:Configuration/ss:Datasets/*" NamespacePrefixes="ss" NamespaceUris="http://simplersystems.com/suite/configuration">
            <Attribute Name="Name" Identifier="Names" />
          </Script.XmlSelectNodes>
          <Text>This toolkit creates or modifies a Configuration / Datasets / Dataset element in the Configuration.xml file. Dataset elements store attributes that are used to locate data on file servers or on the web.</Text>
          <Text>Select a dataset to modify, or click 'New Dataset' to create a new dataset.</Text>
          <Options.DropDownList Identifier="ExistingName" Options="{Names}" Label="Name:" Inline="N" Nullable="Y" />
          <Validate Identifier="ExistingName" Required="Y" Description="Name" />
        </Form>
        <NextStep Identifier="New" Label="New Dataset" Step="New" Validate="N" />
        <NextStep Identifier="Next" Label="Next" Step="PathAndFileName" />
      </Step>
      <Step Name="New" FinishEnabled="N">
        <Form Title="New Dataset Name">
          <Text>Specify a name for the dataset.</Text>
          <TextBox Identifier="NewName" Label="Name:" Inline="N" />            
          <Validate Identifier="NewName" Required="Y" Description="Name" />
        </Form>
      </Step>
      <Step Name="PathAndFileName" FinishEnabled="Y">
        <Form Title="Path And File Name">
          <Script.XmlSelectNodes Path="{System.RootFilePath()}" FileName="Configuration.xml" XPath="{'/ss:Configuration/ss:Datasets/ss:Dataset[@Name=''', Coalesce(NewName, ExistingName), ''']'}" NamespacePrefixes="ss" NamespaceUris="http://simplersystems.com/suite/configuration">
            <Attribute Name="Path" Identifier="ExistingPath" />
            <Attribute Name="FileName" Identifier="ExistingFileName" />
          </Script.XmlSelectNodes>
          <Text>Specify the path and file name of the dataset.</Text>
          <TextBox Identifier="Path" Label="Path:" Inline="N" InitialValue="{ExistingPath}" />
          <TextBox Identifier="FileName" Label="File Name:" Inline="N" InitialValue="{ExistingFileName}" />
          <Validate Identifier="Path" Required="Y" />
          <Validate Identifier="FileName" Required="Y" />
        </Form>
      </Step>
      <Step Name="Title" FinishEnabled="Y">
        <Form Title="Title">
          <Script.XmlSelectNodes Path="{System.RootFilePath()}" FileName="Configuration.xml" XPath="{'/ss:Configuration/ss:Datasets/ss:Dataset[@Name=''', Coalesce(NewName, ExistingName), ''']'}" NamespacePrefixes="ss" NamespaceUris="http://simplersystems.com/suite/configuration">
            <Attribute Name="Title" Identifier="ExistingTitle" />
          </Script.XmlSelectNodes>
          <Text>Specify an optional title for the dataset.</Text>
          <TextBox Identifier="Title" Label="Title:" Inline="N" InitialValue="{ExistingTitle}" />
        </Form>
      </Step>
      <Step Name="Finish" NextButton="Save">
        <Form.Xml Title="Save">
          <Script>
            Name {Coalesce(NewName, ExistingName)}
          </Script>
          <Document.Configuration>
            <Element Name="Datasets" >
              <Element Name="Dataset" >
                <Key Name="Name" Identifier="Name" />
                <Attribute Name="Path" Identifier="Path" />
                <Attribute Name="FileName" Identifier="FileName" />
                <Attribute Name="Title" Identifier="Title" />
              </Element>
            </Element>
          </Document.Configuration>
          <Text>Review the information below, then click 'Save' to update the Configuration.xml file.</Text>
          <TextBox Identifier="ShowName" Label="Name:" Inline="N" ReadOnly="Y" InitialValue="{Name}" />
          <TextBox Identifier="ShowPath" Label="Path:" Inline="N" ReadOnly="Y" InitialValue="{Path}" />
          <TextBox Identifier="ShowFileName" Label="FileName:" Inline="N" ReadOnly="Y" InitialValue="{FileName}" />
          <TextBox Identifier="ShowTitle" Label="Title:" Inline="N" ReadOnly="Y" InitialValue="{Title}" />
          <Button.Save Identifier="Save" Label="Save" />
          <Validate Identifier="Name" Required="Y" />
          <Validate Identifier="Path" Required="Y" />
          <Validate Identifier="FileName" Required="Y" />
        </Form.Xml>
      </Step>
    </Dialog>
  </Present>
</Template>
