﻿<?xml version="1.0" encoding="utf-8"?>
<Template Access="AllUsers" Description="Hello World walkthrough" xmlns="http://simplersystems.com/suite" xmlns:xsi="http://www.w3.org/2001/XMLSchema-instance" xsi:schemaLocation="http://simplersystems.com/suite ..\..\Template.xsd">
  <Present>
    <Script>
      HelloWorldPath {'/about/helloworld/helloworld'}
    </Script>
    
    <Frame Style="Empty" />
    
    <Html><![CDATA[
      <p>The simpler/gov application is programmed with XML templates, which are XML documents enhanced with SimplerScript.
      The following walkthrough will introduce the essentials of simpler/gov XML templates.
      The walkthrough will use the Tutorial layer, which provides a basic set of printing and iteration services.
      <h1>Hello World</h1>
      <p>Below is the Hello World program in XML + SimplerScript.
      <div style="width: 700px">
      <div style="font-size: 93%"><pre class="brush: xml">
    ]]></Html>
    <Text Url="{'/source.xml?Template=', HelloWorldPath, '1.xml&amp;License=N'}" />
    <Html><![CDATA[
      </pre></div>
      </div>
    ]]></Html>
    <Html>
      <Script.Url Identifier="HelloWorldUrl" BaseUrl="{HelloWorldPath, '1.xml'}">
      </Script.Url><![CDATA[
      <p>The <span class="element">&lt;Template&gt;</span> element declares that this is a simpler/gov XML template. 
      The <span class="attribute">Access</span> attribute specifies that this template is accessible by all users. 
      There are also some required XML housekeeping attributes.
      The <span class="element">&lt;Tutorial&gt;</span> element declares that this template will be using the services of the Tutorial layer.
      The <span class="element">&lt;Print&gt;</span> element, when executed, writes its value to the output.
      <p>Result of this template: <a class="result" href="~{Url.AddRootPath(HelloWorldUrl)}~">~{[HelloWorldUrl]}~</a>
      <h1>Hello World (version 2)</h1>
      <p>Below is the Hello World program enhanced with SimplerScript.
      <div style="width: 700px">
      <div style="font-size: 93%"><pre class="brush: xml">
    ]]></Html>
    <Text Url="{'/source.xml?Template=', HelloWorldPath, '2.xml&amp;License=N'}" />
    <Html><![CDATA[
      </pre></div>
      </div>
    ]]></Html>
    <Html>
      <Script.Url Identifier="HelloWorldUrl" BaseUrl="{HelloWorldPath, '2.xml'}">
      </Script.Url><![CDATA[
      <p>The literal "Hello World!" text has been replaced by a script.
      Scripts are delimited by curly braces { }.
      They can be used in any attribute or element.
      <p>Scripts are lists of strings, numbers, dates, or booleans.
      The script in this example is a list of three strings: the literal <span class="script">'Hello '</span>, the literal <span class="script">'World'</span>, and the literal <span class="script">'!'</span>.
      <p>After scripts are evaluated, they are assigned to an attribute or an element's value. 
      In many cases, this means "reducing" a list of several values to a single value. 
      Lists of strings are reduced by concatenation, lists of numbers are reduced by addition, and lists of booleans are reduced by the logical <i>and</i> operation. 
      In this example, the list <span class="script">{'Hello ', 'World', '!'}</span> is reduced to <span class="script">'Hello World!'</span>.
      <p>Result of this template: <a class="result" href="~{Url.AddRootPath(HelloWorldUrl)}~">~{[HelloWorldUrl]}~</a>
      <h1>Hello World (version 3)</h1>
      <p>Below is another version of the Hello World program, in which the literal <span class="script">'World'</span> has been replaced by an identifer, <span class="script">Name</span>.
      <div style="width: 700px">
      <div style="font-size: 93%"><pre class="brush: xml">
    ]]></Html>
    <Text Url="{'/source.xml?Template=', HelloWorldPath, '3.xml&amp;License=N'}" />
    <Html><![CDATA[
      </pre></div>
      </div>
    ]]></Html>
    <Html>
      <Script.Url Identifier="HelloCalvinUrl" BaseUrl="{HelloWorldPath, '3.xml'}">
        <Parameter Name="Name" Value="Calvin" />
      </Script.Url>
      <Script.Url Identifier="HelloHobbesUrl" BaseUrl="{HelloWorldPath, '3.xml'}">
        <Parameter Name="Name" Value="Hobbes" />
      </Script.Url><![CDATA[
      <p>When this script is executed, the value of the <span class="script">Name</span> identifier is determined by the query string.
      <p>Result of this template with <span class="query">Name=Calvin</span> as the query string: <a class="result" href="~{Url.AddRootPath(HelloCalvinUrl)}~">~{[HelloCalvinUrl]}~</a>
      <br>Result of this template with <span class="query">Name=Hobbes</span> as the query string: <a class="result" href="~{Url.AddRootPath(HelloHobbesUrl)}~">~{[HelloHobbesUrl]}~</a>
      <h1>Hello World (version 4)</h1>
      <p>Below is yet another version of the Hello World program, which has a second <span class="element">&lt;Print&gt;</span> element, and <span class="attribute">When</span> attributes with scripts. 
      Every element in an XML template has a <span class="attribute">When</span> attribute that determines whether or not the element is processed. 
      The <span class="attribute">When</span> attributes contain scripts that compare the value of the <span class="script">Direction</span> identifier to a literal string.
      The first <span class="element">&lt;Print&gt;</span> element is executed when the value of <span class="script">Direction</span> is <span class="script">'Coming'</span>, and the second <span class="element">&lt;Print&gt;</span> element is executed when the value of <span class="script">Direction</span> is <span class="script">'Going'</span>.
      <div style="width: 700px">
      <div style="font-size: 93%"><pre class="brush: xml">
    ]]></Html>
    <Text Url="{'/source.xml?Template=', HelloWorldPath, '4.xml&amp;License=N'}" />
    <Html><![CDATA[
      </pre></div>
      </div>
    ]]></Html>
    <Html>
      <Script.Url Identifier="HelloComingUrl" BaseUrl="{HelloWorldPath, '4.xml'}">
        <Parameter Name="Name" Value="Calvin" />
        <Parameter Name="Direction" Value="Coming" />
      </Script.Url>
      <Script.Url Identifier="HelloGoingUrl" BaseUrl="{HelloWorldPath, '4.xml'}">
        <Parameter Name="Name" Value="Calvin" />
        <Parameter Name="Direction" Value="Going" />
      </Script.Url><![CDATA[
      <p>Result of this template with <span class="query">Name=Calvin&Direction=Coming</span> as the query string: <a class="result" href="~{Url.AddRootPath(HelloComingUrl)}~">~{[HelloComingUrl]}~</a>
      <br>Result of this template with <span class="query">Name=Calvin&Direction=Going</span> as the query string: <a class="result" href="~{Url.AddRootPath(HelloGoingUrl)}~">~{[HelloGoingUrl]}~</a>
      <h1>Hello World (version 5)</h1>
      <p>Below is the final version of the Hello World program, which implements the same functionality as the previous version, but uses the SimplerScript <span class="script">when</span> keyword instead of the <span class="attribute">When</span> attribute. 
      Every element in a list can be followed by a when clause. 
      The expression following the <span class="script">when</span> keyword determines whether or not the element is included in the list.
      <div style="width: 700px">
      <div style="font-size: 93%"><pre class="brush: xml">
    ]]></Html>
    <Text Url="{'/source.xml?Template=', HelloWorldPath, '5.xml&amp;License=N'}" />
    <Html><![CDATA[
      </pre></div>
      </div>
    ]]></Html>
    <Html>
      <Script.Url Identifier="HelloComingUrl" BaseUrl="{HelloWorldPath, '5.xml'}">
        <Parameter Name="Name" Value="Calvin" />
        <Parameter Name="Direction" Value="Coming" />
      </Script.Url>
      <Script.Url Identifier="HelloGoingUrl" BaseUrl="{HelloWorldPath, '5.xml'}">
        <Parameter Name="Name" Value="Calvin" />
        <Parameter Name="Direction" Value="Going" />
      </Script.Url><![CDATA[
      <p>Result of this template with <span class="query">Name=Calvin&Direction=Coming</span> as the query string: <a class="result" href="~{Url.AddRootPath(HelloComingUrl)}~">~{[HelloComingUrl]}~</a>
      <br>Result of this template with <span class="query">Name=Calvin&Direction=Going</span> as the query string: <a class="result" href="~{Url.AddRootPath(HelloGoingUrl)}~">~{[HelloGoingUrl]}~</a>
   ]]></Html>
  </Present>
</Template>