﻿<?xml version="1.0" encoding="utf-8"?>
<Template Access="AllUsers" Description="SimplerScript examples" xmlns="http://simplersystems.com/suite" xmlns:xsi="http://www.w3.org/2001/XMLSchema-instance" xsi:schemaLocation="http://simplersystems.com/suite ..\..\Template.xsd">
  <Present>
    <Frame Style="Empty" />
    
    <Html><![CDATA[
      <p>Below are examples of many of the features of SimplerScript.
      <h1>Lists</h1>
      <p>A SimplerScript is a list of items, separated by commas.
      Lists are delimited by curly braces: <span class="script">{ }</span>.
      The items in a list can be literals, identifiers, or expressions.
      <p style="margin-left: 1em">The list <span class="script">{1, 2, 3}</span> contains three items.
      <p style="margin-left: 1em">The list <span class="script">{'Hello'}</span> contains one item.
      <p>Lists can be nested to any depth, but lists are always one-dimensional. 
      Nested lists are "flattened".
      <p style="margin-left: 1em">The list <span class="script">{1, 2, {3, 4}}</span> is the same as the list <span class="script">{1, 2, 3, 4}</span>.
      <p style="margin-left: 1em">The list <span class="script">{{1, {2, {3}}}}</span> is the same as the list <span class="script">{1, 2, 3}</span>.
      <h1>Types</h1>
      <p>SimplerScript understands four simple types of data (strings, numbers, dates, booleans), and one complex type (lists).
      <p style="margin-left: 1em">The list <span class="script">{'A string', 'A ''string'' with nested quotes'}</span> contains strings.
      <p style="margin-left: 1em">The list <span class="script">{1, 2.5, 3.14159, -42}</span> contains numbers. SimplerScript numbers are equivalent to the <a href="http://msdn.microsoft.com/en-us/library/system.decimal.aspx">Microsoft .Net decimal data type</a>.
      <p style="margin-left: 1em">The list <span class="script">{#12/31/2009#}</span> contains a date. SimplerScript dates are equivalent to the <a href="http://msdn.microsoft.com/en-us/library/system.datetime.aspx">Microsoft .Net DateTime data type</a>.
      <p style="margin-left: 1em">The list <span class="script">{true, false}</span> contains booleans.
      <p>SimplerScript also has a special <span class="script">null</span> value that is equivalent to an empty list (<span class="script">{}</span>), and empty string (<span class="script">''</span>), zero, and false.
      <h1>Type Conversion and List Reduction</h1>
      SimplerScript values are automatically converted to the required type, so if a number is provided where a string is expected, the number will be converted to a string.
      If a specific type conversion is required, the <span class="script">as</span> clause explicitly converts a list from one type to another.
      <p style="margin-left: 1em">The list <span class="script">{42} as String</span> is equal to the list <span class="script">{'42'}</span>.
      <p style="margin-left: 1em">The list <span class="script">{'42'} as Number</span> is equal to the list <span class="script">{42}</span>.
      <p>When a list that contains more than one item is converted to a simple type, the list is "reduced".
      If the list is converted to a string, each item in the list is converted to a string and then the strings are concatenated together.
      If the list is converted to a number, each item in the list is converted to a number and then the numbers are added together.
      If the list is converted to a boolean, each item in the list is converted to a boolean and then the booleans are anded together.
      <p style="margin-left: 1em">The list <span class="script">{1, 2, 3} as String</span> is equal to the list <span class="script">{'123'}</span>.
      <p style="margin-left: 1em">The list <span class="script">{'1', '2', '3'} as Number</span> is equal to the list <span class="script">{6}</span>.
      <p style="margin-left: 1em">The list <span class="script">{0, 1} as Boolean</span> is equal to the list <span class="script">{false}</span>.
      <p>It is also sometimes useful to do a list reduction that doesn't include a type conversion.
      <p style="margin-left: 1em">The list <span class="script">{'1', '2', '3'} as String</span> is equal to the list <span class="script">{'123'}</span>.
      <h1>Identifiers</h1>
      <p>Identifiers can be used in place of literals to make scripts return different results depending on the context in which the script is evalated.
      For example, when a template is executing, the values of identifiers are assigned by the query string or by <span class="element">&lt;Script&gt;</span> elements.
      When a Select template is evaluating the value of a column, the values of identifiers are assigned based on the columns in the row that is being processed.
      Basic identifiers start with a letter or underscore, and are followed by any number of letters, digits, or periods, or underscores. 
      Extended identifiers can contain any character, but must be delimited by double quotes.
      Reserverd identifiers are basic identifiers that contain a period.
      The values of reserved identifers are assigned by the system.
      <p style="margin-left: 1em">The list <span class="script">{BasicIdentifier, _BasicIdentifier2}</span> contains basic identifiers.
      <p style="margin-left: 1em">The list <span class="script">{"Extended identifier", """Extended"" identifier 2"}</span> contains extended identifiers.
      <p style="margin-left: 1em">The list <span class="script">{Url.Path, Settings.DefaultPage}</span> contains reserved identifiers.
      <h1>Expressions</h1>
      <p>Arithmentic, boolean, and comparison expressions can be used in place of literals to perform computations. 
      <p style="margin-left: 1em">The expression <span class="script">3 * 4</span> is equal to <span class="script">12</span>.
      <p style="margin-left: 1em">The expression <span class="script">12 / 3</span> is equal to <span class="script">4</span>.
      <p style="margin-left: 1em">The expression <span class="script">1 + 2</span> is equal to <span class="script">3</span>.
      <p style="margin-left: 1em">The expression <span class="script">1 - 2</span> is equal to <span class="script">-1</span>.
      <p style="margin-left: 1em">The expression <span class="script">1..4</span> is equal to the list <span class="script">{1, 2, 3, 4}</span>.
      <p style="margin-left: 1em">The expression <span class="script">0 = 1</span> is equal to <span class="script">false</span>.
      <p style="margin-left: 1em">The expression <span class="script">0 != 1</span> is equal to <span class="script">false</span>.
      <p style="margin-left: 1em">The expression <span class="script">0 < 1</span> is equal to <span class="script">true</span>.
      <p style="margin-left: 1em">The expression <span class="script">0 <= 1</span> is equal to <span class="script">true</span>.
      <p style="margin-left: 1em">The expression <span class="script">0 > 1</span> is equal to <span class="script">false</span>.
      <p style="margin-left: 1em">The expression <span class="script">0 >= 1</span> is equal to <span class="script">false</span>.
      <p style="margin-left: 1em">The expression <span class="script">true and false</span> is equal to <span class="script">false</span>.
      <p style="margin-left: 1em">The expression <span class="script">true or false</span> is equal to <span class="script">true</span>.
      <p style="margin-left: 1em">The expression <span class="script">not false</span> is equal to <span class="script">true</span>.
      <h1>Conditionals</h1>
      <p>Any item in a list can be followed by a <span class="script">when</span> clause, or be preceded by the <span class="script">else</span> keyword.
      If the expression following the <span class="script">when</span> keyword evaluates to false, the item that precedes the <span class="script">when</span> keyword is not included in the list.
      If a list is not empty when an item is encountered that is preceded by the <span class="script">else</span> keyword, then the item that follows is not included in the list.
      <p style="margin-left: 1em">The expression <span class="script">{'A' when 0 = 1, 'B', 'C'}</span> is equal to the list <span class="script">{'B, 'C'}</span>.
      <p style="margin-left: 1em">The expression <span class="script">{'A' when 0 != 1, 'B', 'C'}</span> is equal to the list <span class="script">{'A', 'B', 'C'}</span>.
      <p style="margin-left: 1em">The expression <span class="script">{'A' when 0 = 1, 'B' when 0 != 1, 'C'}</span> is equal to the list <span class="script">{'B', 'C'}</span>.
      <p style="margin-left: 1em">The expression <span class="script">{'A' when 0 != 1, 'B' when 0 != 1, else 'C'}</span> is equal to the list <span class="script">{'A', 'B'}</span>.
      <p style="margin-left: 1em">The expression <span class="script">{'A' when 0 = 1, 'B' when 0 = 1, else 'C'}</span> is equal to the list <span class="script">{'C'}</span>.
      <h1>Functions</h1>
      <p>Scripts can call functions. A function is invoked by specifying the function name followed parentheses. 
      Any parameters for the function are listed inside the parenthesis and are separated by commas.
      <p>Function names have the same form as reserved identifier.
      For example, <span class="script">String.Length</span> is the function that returns the length of a string.
      The first part of the function name is the namespace. 
      If the function is in the <span class="script">List</span> namespace, then the namespace can be omitted.
      <p style="margin-left: 1em">The result of <span class="script">String.Length('Hello')</span> is <span class="script">5</span>.
      <p style="margin-left: 1em">The result of <span class="script">List.Count({1, 2, 3})</span> is <span class="script">3</span>.
      <p style="margin-left: 1em">The result of <span class="script">Count({1, 2, 3})</span> is <span class="script">3</span>.
      <h1>Url Evaluation</h1>
      <p>Urls can be called as functions. 
      Generally, the return value of a url will be a string containing html, but urls also can return non-html text.
      If the url is a template and the url extension is '.xml', then the return value may be a list if the template supports function calls. 
      <p>Urls are invoked by delimiting a string with square braces: <span class="script">[ ]</span>.
      If there are multiple values within the square braces, the values will be concatenated.
      <p style="margin-left: 1em">The result of <span class="script">['/about/developers/helloworld/helloworld1.txt']</span> is <span class="script">'Hello World!'</span>.
      <p style="margin-left: 1em">The result of <span class="script">['/about/developers/helloworld/helloworld3.txt?', 'Name=Calvin']</span> is <span class="script">'Hello Calvin!'</span>.
      <h1>Parameterized lists</h1>
      <p>Lists can include a single parameter, which allows them to act as simple functions. The parameter is an identifier that is placed before the list and is separated from the list by a period.
      The parameter can then be referred to in the list like any identifier. The parameter is assigned a value using the apply operator (<span class="script">-></span>).
      <p style="margin-left: 1em">The expression <span class="script">{x.{x + 1} -> 1}</span> evaluates to the list <span class="script">{1 + 1}</span>.
      <p style="margin-left: 1em">If <span class="script">Hello</span> is defined as <span class="script">x.{'Hello, ', x, '!'}</span>, then the expression <span class="script">{Hello -> 'World'}</span> evaluates to the list <span class="script">{'Hello, ', 'World', '!'}</span>.
      <p style="margin-left: 1em">If <span class="script">Duplicate</span> is defined as <span class="script">x.{x, x}</span> and <span class="script">Hello</span> is defined as above, then the expression <span class="script">{Hello -> Duplicate -> 'World'}</span> evaluates to the list <span class="script">{'Hello, ', 'World', 'World', '!'}</span>.
      <p>
    ]]></Html>
  </Present>
</Template>