﻿<?xml version="1.0" encoding="utf-8"?>
<Template Access="AllUsers" Description="About simpler/gov" xmlns="http://simplersystems.com/suite" xmlns:xsi="http://www.w3.org/2001/XMLSchema-instance" xsi:schemaLocation="http://simplersystems.com/suite ..\..\Template.xsd">
  <Present>
    <Frame Style="Empty" />
    <Html><![CDATA[
      <p>Simpler/gov is a platform that connects users and data.
      <h1>Design</h1>
      <p>The simpler/gov platform provides services for selecting, composing, and searching data over the web.
      Simpler/gov applications are programmed with XML templates, which are XML documents enhanced with SimplerScript.
      <p>The url is the "command-line" for simpler/gov.
      When the simpler/gov platform receives a request (via http), the url is mapped to an XML template, and the template is executed.
      The query string parameters are exposed through SimplerScript, which allows a single template to create different outputs.
      Templates return results in several different formats, including html, pdf, xls, csv, text, and xml.
      <p>Simpler/gov applications are stateless, and the output of any template can generally be consumed by other templates.
      This makes simpler/gov applications highly composable, and easily refactorable as the user needs change.
      <h1>Architecture</h1>
      <p>The simpler/gov platform is composed of layers.
      Each layer generally builds on the layers below, adding additional features and functionality.
      <h2>System layer</h2>
      <p>The System layer provides services for handling http requests, executing templates, interpreting SimplerScript, processing raw data, and managing application configuration.
      The System layer is the simpler/gov "kernel."
      It is the base on which all other layers are built.
      <h2>Select layer</h2>
      <p>The Select layer provides services for selecting and projecting raw data stored in a variety of formats, including csv, sql, excel, text, and xml.
      The Select layer also provides services for synchronizing data, so that data stored in low performance formats (such as text files on the web) can be transfered into higher performance data stores (relational databases, for example).
      <h2>Compose layer</h2>
      <p>The Compose layer provides services for turning raw data into output that people can easily comprehend.
      The compose layer retrieves, merges, summarizes, and formats data from the Select layer.
      The Compose layer is designed to handle large datasets efficiently.
      <h2>Present layer</h2>
      <p>The Present layer provides services for creating HTML user interfaces, including forms and menus.
      <h2>Application layer</h2>
      <p>The Application layer provides services for managing users, running tasks, and sending email.
      <h2>XML layer</h2>
      <p>The XML provides services for creating XML documents.
      Since XML is the source code format for simpler/gov, the XML layer can be used as a "macro" facility, by dynamically creating present, compose, or select templates which are then executed.
      <h1>Foundation</h1>
      <p>The simpler/gov platform is written in C#, and runs on the Microsoft Windows operating system.    
    ]]></Html>
  </Present>
</Template>