﻿<?xml version="1.0" encoding="utf-8"?>
<Template Access="NT Authority\Interactive,(localhost)" Description="Edit Configuration Passwords" xmlns="http://simplersystems.com/suite" xmlns:xsi="http://www.w3.org/2001/XMLSchema-instance" xsi:schemaLocation="http://simplersystems.com/suite ..\..\Template.xsd">
  <Present>
    <Script Evaluate="Y" When="{RedirectUrl = null}">
      RedirectUrl {Url.This}
    </Script>
    <Script.Url Identifier="SelectUrl" BaseUrl="{Url.Path}" Name="select.xml">
      <Parameter Name="Name" Value="{%Name when Name != null, else '!*'}" />
    </Script.Url>
    <Script.Url Identifier="ConfigureUrl" BaseUrl="/configure.sys;Password">
      <Parameter Name="Name" />
      <Parameter Name="Type" />
      <Parameter Name="Password" />
      <Parameter Name="RedirectUrl" />
    </Script.Url>
    <Script When="{Name = null}">
      Help {'Enter a name, type, and password.'}
    </Script>
    <Form Title="Edit Configuration Password" InitialValuesUrl="{SelectUrl}" Help="{Help}">
      <Context Identifier="RedirectUrl" />
      <TextBox Identifier="Name" Description="Name" />
      <Options.DropDownList Identifier="Type" Description="Type" Options="Plain,Hashed,Masked,Protected" />
      <TextBox Identifier="Password" Description="Password" Password="Y" />
      <Button.Execute Identifier="Update" Label="Update" Default="Y" Url="{ConfigureUrl}" />
      <Button.Navigate Identifier="Cancel" Label="Cancel" Url="{%RedirectUrl}" />
    </Form>
  </Present>
</Template>
  