﻿<?xml version="1.0" encoding="utf-8"?>
<Template Url="/error.html" Access="AllUsers" Description="Error" xmlns="http://simplersystems.com/suite" xmlns:xsi="http://www.w3.org/2001/XMLSchema-instance" xsi:schemaLocation="http://simplersystems.com/suite Template.xsd">
  <Present FrameMenu="N">
    <Frame Menu="N" />
    <Html When="{Exception.Type != 'Exception'}">
    <![CDATA[
      <div style="margin-bottom: 2ex"><span>Your request could not be processed.</span></div>
      <div style="margin-bottom: 2ex"><span style="color: red">Reason: ~{Exception.Message}~</span></div>
      <div><span>Use your browser's back button to return to the previous page, correct the issue, then resubmit your request.</span></div>
    ]]></Html>
    <Html When="{Exception.Type = 'Exception'}">
    <![CDATA[
      <div style="margin-bottom: 2ex"><span>Your request could not be processed.</span></div>
      <div style="margin-bottom: 2ex"><span style="color: red">Reason: An internal error occurred.</span></div>
      <div><span>Use your browser's back button to return to the previous page.</span></div>
    ]]></Html>
  </Present>
</Template>
  