<?xml version="1.0" encoding="utf-8"?>
<Template Access="NT Authority\Interactive,(localhost)" Description="Start" xmlns="http://simplersystems.com/suite" xmlns:xsi="http://www.w3.org/2001/XMLSchema-instance" xsi:schemaLocation="http://simplersystems.com/suite Template.xsd">
  <Present>
    <Script>
      CurrentVersion {['/version.sys']}
    </Script>
    <Frame Title="Start" />
    <Html>
      <![CDATA[
      <p style="margin-bottom: 1ex">Installed version: ~{CurrentVersion}~</p>
      <p style="margin-bottom: 3ex">Root file path: ~{System.RootFilePath()}~</p>
    ]]>
    </Html>
    <Menu Columns="2">
      <Group Description="Configure" Column="1">
        <Link Description="Settings" Url="/configure/settings/compose.html" />
        <Link Description="Data Sources" Url="/configure/datasources/compose.html" />
        <Link Description="Passwords" Url="/configure/passwords/compose.html" />
      </Group>
      <Group Description="Select Template Builders" Column="1">
        <Link Description="CSV File" Url="/build/select/csvfile.html" Target="_blank" />
        <Link Description="SQL Table" Url="/build/select/sqltable.html" Target="_blank" />
        <Link Description="XLS File" Url="/build/select/xlsfile.html" Target="_blank" />
      </Group>
      <Group Description="Compose Template Builders" Column="1">
        <Link Description="Basic Table" Url="/build/compose/basictable.html" Target="_blank" />
        <Link Description="Advanced Table" Url="/build/compose/advancedtable.html" Target="_blank" />
      </Group>
      <Group Description="Present Template Builders" Column="1">
        <Link Description="Basic Search Form" Url="/build/present/basicsearchform.html" Target="_blank" />
        <Link Description="Advanced Search Form" Url="/build/present/advancedsearchform.html" Target="_blank" />
        <Link Description="Form" Url="/build/present/formtemplate.xml" Target="_blank" />
        <Link Description="Menu" Url="/build/present/menutemplate.xml" Target="_blank" />
      </Group>
      <Group Description="Template Toolkits" Column="2">
        <Link Description="Select" Url="/toolkit/template/select/menu.html" Target="_blank" />
        <Link Description="Compose" Url="/toolkit/template/compose/menu.html" Target="_blank" />
        <Link Description="Present" Url="/toolkit/template/present/menu.html" Target="_blank" />
      </Group>
      <!--<Group Description="Configuration Toolkits" Column="2" >
        <Link Description="Data Source" Url="/toolkit/configuration/datasources/datasource.html" Target="_blank" />
        <Link Description="Dataset" Url="/toolkit/configuration/datasets/dataset.html" Target="_blank" />
        <Link Description="Setting" Url="/toolkit/configuration/settings/menu.html" Target="_blank" />
      </Group>-->
      <!--<Group Description="Passwords Toolkits" Column="2">
        <Link Description="Password" Url="/toolkit/passwords/password.html" Target="_blank" />
      </Group>-->
      <Group Description="Documentation" Column="2">
        <Link Description="About simpler/gov" Url="/about.html?About=/about/simplergov.html" Target="_blank" />
        <Link Description="Simpler/gov videos" Url="http://www.youtube.com/user/Simplergov" Target="_blank" />
        <Link Description="Hello World tutorial" Url="/about.html?About=/about/helloworld.html" Target="_blank" />
        <Link Description="SimplerScript examples" Url="/about.html?About=/about/scriptexamples.html" Target="_blank" />
        <Link Description="SimplerScript function reference" Url="/about/script_functions/compose.html" Target="_blank" />
      </Group>
    </Menu>
  </Present>
</Template>
