﻿<?xml version="1.0" encoding="utf-8"?>
<Template Access="NT Authority\Interactive,(localhost)" Description="Passwords / Password" Cacheable="N" xmlns="http://simplersystems.com/suite" xmlns:xsi="http://www.w3.org/2001/XMLSchema-instance" xsi:schemaLocation="http://simplersystems.com/suite ..\..\Template.xsd">
  <Present>
    <Dialog Title="Passwords / Password" FinishStep="Finish">
      <Step Name="Select" FinishEnabled="N">
        <Form Title="Select">
          <Script.XmlSelectNodes Path="{System.RootFilePath()}" FileName="Passwords.xml" XPath="/ss:Passwords/*" NamespacePrefixes="ss" NamespaceUris="http://simplersystems.com/suite/passwords">
            <Attribute Name="Name" Identifier="Names" />
          </Script.XmlSelectNodes>
          <Text>This toolkit creates or modifies a Passwords / Password element in the Passwords.xml file. Password elements securely store passwords that are used to connect to databases, web sites, and other data sources, and also to authenticate users.</Text>
          <Text>Select a password to modify, or click 'New Password' to create a new password.</Text>
          <Options.DropDownList Identifier="ExistingName" Options="{Names}" Label="Name:" Inline="N" Nullable="Y" />
          <Validate Identifier="ExistingName" Required="Y" Description="Name" />
        </Form>
        <NextStep Identifier="New" Label="New Password" Step="New" Validate="N" />
        <NextStep Identifier="Next" Label="Next" Step="Password" />
      </Step>
      <Step Name="New" FinishEnabled="N">
        <Form Title="New Password Name">
          <Text>Specify a name for the password. The password name should identify the resource that the password is being used to authenticate to,
          or if you are specifying a password to authenticate a user, the user id used to log in.</Text>
          <TextBox Identifier="NewName" Label="Name:" Inline="N" />            
          <Validate Identifier="NewName" Required="Y" Description="Name" />
        </Form>
      </Step>
      <Step Name="Password" FinishEnabled="N">
        <Form Title="Password">
          <Text>Specify the password.</Text>
          <TextBox Identifier="Password" Label="Password:" Inline="N" Password="Y" />
        </Form>
      </Step>
      <Step Name="Protection" FinishEnabled="N">
        <Form Title="Protection">
          <Script.XmlSelectNodes Path="{System.RootFilePath()}" FileName="Passwords.xml" XPath="{'/ss:Passwords/*[@Name=''', Coalesce(NewName, ExistingName), ''']'}" NamespacePrefixes="ss" NamespaceUris="http://simplersystems.com/suite/passwords">
            <Name Identifier="ExistingProtection" />
          </Script.XmlSelectNodes>
          <Script>
            DefaultProtection {Coalesce(ExistingProtection, 'ProtectedPassword')}
          </Script>
          <!--<Script>
            DefaultProtection {Coalesce(Xml.SelectNodeNames(System.RootFilePath(), 'Passwords.xml', null, {'/ss:Passwords/*[@Name=''', Coalesce(NewName, ExistingName), ''']'}, 'ss', 'http://simplersystems.com/suite/passwords'), 'ProtectedPassword')}
          </Script>-->
          <Text>Specify a protection level to prevent someone who has access to the Passwords.xml file from discovering the password. If you choose 'None', the password
          will be stored in plain text and will be readable by anyone. If you choose 'Low', the password will be transformed so that it is not directly
          readable, but it still can be discovered easily. If you choose 'High', the password will be transformed and cannot be discovered easily; furthermore, it can only be used on the
          specific machine that it is set on. If you choose 'Hashed', the password will be transformed in such a way that it can never be discovered; this is appropriate if you are only
          using the password to authenticate users.</Text>
          <Options.RadioButton Identifier="Protection" Label="Password Protection:" Inline="N" Options="Password,MaskedPassword,ProtectedPassword,HashedPassword" OptionsOrientation="Vertical" OptionLabels="None (Not recommended),Low,High,Hashed" InitialValue="{DefaultProtection}" />
        </Form>
      </Step>
      <Step Name="Finish" NextButton="Save">
        <Form.Xml Title="Save">
          <Script>
            Name {Coalesce(NewName, ExistingName)}
          </Script>
          <Document.Passwords>
            <Element Name="{Coalesce(Protection, DefaultProtection, 'ProtectedPassword')}" MatchElementNames="*" >
              <Script Evaluate="Y">
                Salt {String.Random()}
              </Script>
              <Key Name="Name" Identifier="Name" />
              <Attribute Name="Value" Identifier="Password" Required="Y" When="{Protection = 'Password'}" />
              <Attribute Name="Value" Value="{Password.MaskPassword(Password)}" Required="Y" When="{Protection = 'MaskedPassword'}" />
              <Attribute Name="Value" Value="{Password.ProtectPassword(Password)}" Required="Y" When="{Protection = 'ProtectedPassword'}" />
              <Attribute Name="Value" Value="{Password.HashPassword(Password, Salt)}" Required="Y" When="{Protection = 'HashedPassword'}" />
              <Attribute Name="Salt" Value="{Salt}" Delete="{Protection != 'HashedPassword'}" />
            </Element>
          </Document.Passwords>
          <Text>Review the information below, then click 'Save' to update the Passwords.xml file.</Text>
          <TextBox Identifier="ShowName" Label="Name:" Inline="N" ReadOnly="Y" InitialValue="{Name}" />
          <TextBox Identifier="ShowProtection" Label="Protection:" Inline="N" ReadOnly="Y" InitialValue="{'None' when Protection = 'Password', 'Low' when Protection = 'MaskedPassword', 'High' when Protection = 'ProtectedPassword', else 'Hashed'}" />
          <Button.Save Identifier="Save" Label="Save" />
          <Validate Identifier="Name" Required="Y" />
          <Validate Identifier="Protection" Values="Password,MaskedPassword,ProtectedPassword,HashedPassword" />
        </Form.Xml>
      </Step>
    </Dialog>
  </Present>
</Template>
